target,Ct,quantity
coho,19.22520828,1000000
coho,18.95340538,1000000
coho,18.83773232,1000000
coho,21.75493813,100000
coho,21.29737091,100000
coho,21.35864258,100000
coho,25.12310982,10000
coho,24.71338654,10000
coho,24.78457642,10000
coho,28.76001167,1000
coho,28.45179939,1000
coho,28.49076843,1000
coho,31.77895164,100
coho,31.99551392,100
coho,31.16972923,100
coho,36.55305862,10
coho,34.33712006,10
coho,35.32952499,10
coho,37.65584183,5
coho,35.19184113,5
coho,Undetermined,5
coho,20.21873093,1000000
coho,20.12264061,1000000
coho,20.09085464,1000000
coho,23.49358559,100000
coho,23.5990715,100000
coho,23.54219437,100000
coho,26.1072197,10000
coho,27.87171364,10000
coho,27.46086311,10000
coho,30.57057381,1000
coho,30.47967529,1000
coho,30.47743034,1000
coho,33.7465477,100
coho,34.23290634,100
coho,34.17715836,100
coho,36.98766708,10
coho,39.44044876,10
coho,38.64048767,10
coho,37.05712509,5
coho,Undetermined,5
coho,38.35981369,5
trout,19.23835754,1000000
trout,18.82534409,1000000
trout,18.916605,1000000
trout,22.76436996,100000
trout,22.63870049,100000
trout,22.83272743,100000
trout,25.74035072,10000
trout,26.35414886,10000
trout,26.25395966,10000
trout,29.7202282,1000
trout,29.56217003,1000
trout,29.65140343,1000
trout,32.94347382,100
trout,33.14376068,100
trout,33.50720596,100
trout,35.79102707,10
trout,35.66788864,10
trout,36.44678497,10
trout,36.99943924,5
trout,Undetermined,5
trout,Undetermined,5
trout,19.0800724,1000000
trout,19.21366882,1000000
trout,19.43550301,1000000
trout,22.46784782,100000
trout,23.28313446,100000
trout,23.49884415,100000
trout,25.44490242,10000
trout,27.89693069,10000
trout,27.51124763,10000
trout,29.71068001,1000
trout,30.35280228,1000
trout,30.85369873,1000
trout,32.5052948,100
trout,33.49908829,100
trout,32.80861282,100
trout,37.00318146,10
trout,37.69791412,10
trout,Undetermined,10
trout,37.4426918,5
trout,37.19491959,5
trout,38.71314621,5
coho,17.85755157,1000000
coho,17.73448753,1000000
coho,17.75526428,1000000
coho,21.27177238,100000
coho,20.94486427,100000
coho,21.16119385,100000
coho,24.52928734,10000
coho,24.66213417,10000
coho,24.54328728,10000
coho,28.06191444,1000
coho,27.90216827,1000
coho,27.90041161,1000
coho,31.5395298,100
coho,31.48283005,100
coho,31.14204597,100
coho,34.86678314,10
coho,34.75483704,10
coho,35.86712646,10
coho,35.12596893,5
coho,37.51641464,5
coho,36.4932251,5
coho,19.86147308,1000000
coho,20.11665344,1000000
coho,20.02452087,1000000
coho,22.95747757,100000
coho,23.61563301,100000
coho,23.71746254,100000
coho,26.18032837,10000
coho,26.95989227,10000
coho,26.89865303,10000
coho,29.92806244,1000
coho,30.59639359,1000
coho,30.51371384,1000
coho,33.52054977,100
coho,34.10316467,100
coho,33.63041687,100
coho,37.08679199,10
coho,39.07688141,10
coho,39.67421341,10
coho,38.54347992,5
coho,38.40734482,5
coho,Undetermined,5
trout,18.26003075,1000000
trout,17.60889816,1000000
trout,17.50043488,1000000
trout,20.75371552,100000
trout,20.77515602,100000
trout,20.87820244,100000
trout,23.44345093,10000
trout,23.1125145,10000
trout,23.77347374,10000
trout,27.76335716,1000
trout,27.74570465,1000
trout,27.71339989,1000
trout,30.91339493,100
trout,30.93268585,100
trout,30.54610062,100
trout,34.41831589,10
trout,34.87401199,10
trout,34.33027267,10
trout,36.44923019,5
trout,37.11333466,5
trout,Undetermined,5
trout,18.93210793,1000000
trout,19.15658569,1000000
trout,19.04647446,1000000
trout,21.84819412,100000
trout,22.35891533,100000
trout,22.5099144,100000
trout,25.13359833,10000
trout,25.99798203,10000
trout,25.56580162,10000
trout,29.01477051,1000
trout,29.56726646,1000
trout,29.6351738,1000
trout,32.45069504,100
trout,32.45052338,100
trout,32.93615341,100
trout,35.50666809,10
trout,35.34856415,10
trout,37.62885284,10
trout,39.03834534,5
trout,35.47907639,5
trout,35.76575089,5
coho,20.24938011,1000000
coho,19.89520073,1000000
coho,20.02875137,1000000
coho,23.5855999,100000
coho,23.38353539,100000
coho,23.48445129,100000
coho,26.84599304,10000
coho,26.97805595,10000
coho,26.82115555,10000
coho,30.34147835,1000
coho,30.10491371,1000
coho,30.49476624,1000
coho,32.97254944,100
coho,34.47607422,100
coho,33.52760315,100
coho,38.41192245,10
coho,38.75829315,10
coho,38.62337494,10
coho,38.36039352,5
coho,37.71786499,5
coho,36.35038376,5
coho,20.204422,1000000
coho,20.08299828,1000000
coho,19.94293022,1000000
coho,23.37976456,100000
coho,23.21784973,100000
coho,23.36340523,100000
coho,26.66103554,10000
coho,26.78365707,10000
coho,26.66480064,10000
coho,30.2656002,1000
coho,30.22012329,1000
coho,30.49014282,1000
coho,33.40741348,100
coho,33.99240494,100
coho,33.98064804,100
coho,39.39480591,10
coho,Undetermined,10
coho,37.62460709,10
coho,36.39610672,5
coho,Undetermined,5
coho,38.33078384,5
trout,18.58374596,1000000
trout,18.33317757,1000000
trout,18.16069794,1000000
trout,21.75955009,100000
trout,21.65065956,100000
trout,21.86512947,100000
trout,25.19204712,10000
trout,24.90911484,10000
trout,24.99759674,10000
trout,28.33996391,1000
trout,28.24329567,1000
trout,28.32597923,1000
trout,31.60809326,100
trout,31.95510864,100
trout,32.09345627,100
trout,34.92685699,10
trout,36.33163834,10
trout,35.42528534,10
trout,37.08435059,5
trout,35.67077255,5
trout,35.63912201,5
trout,19.03162956,1000000
trout,18.87377548,1000000
trout,18.81234741,1000000
trout,22.29731941,100000
trout,22.14407349,100000
trout,22.14757538,100000
trout,25.62753677,10000
trout,25.65841484,10000
trout,25.6341629,10000
trout,29.08072281,1000
trout,29.35881042,1000
trout,29.35361481,1000
trout,32.97777557,100
trout,33.04506683,100
trout,32.96186447,100
trout,35.37537766,10
trout,37.58609772,10
trout,36.06349564,10
trout,36.66743469,5
trout,35.53508759,5
trout,38.54791641,5
coho,20.8443222,1000000
coho,20.62168694,1000000
coho,20.49605942,1000000
coho,24.05408859,100000
coho,23.97260475,100000
coho,24.02016449,100000
coho,Undetermined,10000
coho,38.36563873,10000
coho,33.73308182,10000
coho,27.40860748,1000
coho,27.35359955,1000
coho,27.33878899,1000
coho,30.83558655,100
coho,30.84272194,100
coho,30.66174889,100
coho,37.53957748,10
coho,37.11953735,10
coho,36.41370392,10
coho,36.06285858,5
coho,37.42346191,5
coho,36.85419846,5
trout,19.50581169,1000000
trout,18.94125938,1000000
trout,18.92054749,1000000
trout,21.56772995,100000
trout,21.96855354,100000
trout,22.07061195,100000
trout,25.92151833,10000
trout,25.75673866,10000
trout,25.78993988,10000
trout,29.54060364,1000
trout,29.29194641,1000
trout,29.33187675,1000
trout,32.74283981,100
trout,32.59817886,100
trout,32.47790909,100
trout,35.54510117,10
trout,35.71569061,10
trout,35.50516129,10
trout,Undetermined,5
trout,Undetermined,5
trout,37.59207535,5
coho,20.56484985,1000000
coho,20.34063339,1000000
coho,20.23515892,1000000
coho,23.90465927,100000
coho,23.66351318,100000
coho,23.81379318,100000
coho,27.23585701,10000
coho,27.10187912,10000
coho,26.90947723,10000
coho,30.87927246,1000
coho,30.52609062,1000
coho,30.70554924,1000
coho,34.0915184,100
coho,34.2375679,100
coho,33.6615181,100
coho,37.47333908,10
coho,36.94366455,10
coho,38.31686401,10
coho,37.78746414,5
coho,37.18002319,5
coho,36.93232346,5
coho,20.37164116,1000000
coho,20.69007301,1000000
coho,20.42603493,1000000
coho,23.7923851,100000
coho,23.8900528,100000
coho,23.97737122,100000
coho,27.15401649,10000
coho,27.33259201,10000
coho,27.16822815,10000
coho,30.84268951,1000
coho,30.64822769,1000
coho,30.9013195,1000
coho,34.04541016,100
coho,34.93992615,100
coho,34.0713501,100
coho,38.03006363,10
coho,37.95238876,10
coho,37.65993881,10
coho,38.02682495,5
coho,Undetermined,5
coho,38.04178238,5
trout,19.2393856,1000000
trout,18.7072258,1000000
trout,18.58799553,1000000
trout,22.42327309,100000
trout,22.14547539,100000
trout,22.4134922,100000
trout,25.65646935,10000
trout,25.62850189,10000
trout,25.58697319,10000
trout,29.16978645,1000
trout,29.11841393,1000
trout,29.21135712,1000
trout,33.1790657,100
trout,33.36480713,100
trout,32.92956924,100
trout,36.89273071,10
trout,36.09459686,10
trout,35.96849823,10
trout,37.8690567,5
trout,Undetermined,5
trout,36.9764595,5
trout,19.1949234,1000000
trout,19.05748177,1000000
trout,18.91312599,1000000
trout,21.6709156,100000
trout,22.17163086,100000
trout,22.18889618,100000
trout,25.71770096,10000
trout,25.8515873,10000
trout,25.6981144,10000
trout,29.24732399,1000
trout,29.13026237,1000
trout,29.13793945,1000
trout,33.1047287,100
trout,32.60919571,100
trout,32.83580399,100
trout,35.81900024,10
trout,36.18396759,10
trout,36.24120712,10
trout,37.5944252,5
trout,Undetermined,5
trout,Undetermined,5
coho,19.93267441,1000000
coho,19.92136383,1000000
coho,19.77113724,1000000
coho,23.41117096,100000
coho,23.22981262,100000
coho,23.23428154,100000
coho,26.69602585,10000
coho,26.84995842,10000
coho,26.66143608,10000
coho,30.39862061,1000
coho,30.25657272,1000
coho,30.37108612,1000
coho,34.03171539,100
coho,34.14590454,100
coho,33.38443375,100
coho,39.75714111,10
coho,Undetermined,10
coho,36.72116852,10
coho,37.16679001,5
coho,37.52861404,5
coho,38.63215256,5
trout,19.5056057,1000000
trout,19.22944641,1000000
trout,18.98415184,1000000
trout,22.85630417,100000
trout,22.51182747,100000
trout,22.56840515,100000
trout,26.36823463,10000
trout,26.17927933,10000
trout,26.20759201,10000
trout,30.12753677,1000
trout,29.88733101,1000
trout,30.16088295,1000
trout,33.89624786,100
trout,33.80143356,100
trout,33.82736206,100
trout,Undetermined,10
trout,38.7147522,10
trout,36.86286545,10
trout,38.86086655,5
trout,38.64065933,5
trout,Undetermined,5
coho,20.2938633,1000000
coho,20.10811806,1000000
coho,19.95395088,1000000
coho,23.63300514,100000
coho,23.56424141,100000
coho,23.66673088,100000
coho,27.13611221,10000
coho,26.9887104,10000
coho,26.97760582,10000
coho,30.88533783,1000
coho,30.74597359,1000
coho,30.84591293,1000
coho,34.65823746,100
coho,34.69967651,100
coho,33.62917709,100
coho,36.8584938,10
coho,37.84810638,10
coho,37.0369339,10
coho,Undetermined,5
coho,37.42751312,5
coho,38.12160492,5
trout,18.78092575,1000000
trout,18.52376938,1000000
trout,18.28087234,1000000
trout,22.14258385,100000
trout,21.67249107,100000
trout,21.88271713,100000
trout,25.8586731,10000
trout,25.54285431,10000
trout,25.74451065,10000
trout,30.02817154,1000
trout,29.72276306,1000
trout,30.15722847,1000
trout,34.7099762,100
trout,36.39065933,100
trout,34.48219299,100
trout,Undetermined,10
trout,Undetermined,10
trout,36.81438446,10
trout,Undetermined,5
trout,Undetermined,5
trout,36.89260864,5
coho,20.49210739,1000000
coho,20.27584267,1000000
coho,20.17225647,1000000
coho,23.86030769,100000
coho,23.76079178,100000
coho,23.7735424,100000
coho,27.33350372,10000
coho,27.18406105,10000
coho,27.11437607,10000
coho,31.27965736,1000
coho,31.3288269,1000
coho,31.24986076,1000
coho,35.24953461,100
coho,35.35694504,100
coho,34.4743576,100
coho,37.65378952,10
coho,37.55342484,10
coho,37.41828537,10
coho,37.72060776,5
coho,38.76805496,5
coho,39.81258392,5
trout,19.42580414,1000000
trout,18.87642479,1000000
trout,18.80857468,1000000
trout,22.59036827,100000
trout,22.08367729,100000
trout,22.40652847,100000
trout,26.0594101,10000
trout,25.96083832,10000
trout,25.94388199,10000
trout,29.61139679,1000
trout,29.54434967,1000
trout,29.6283989,1000
trout,33.78017807,100
trout,33.95133972,100
trout,33.53039169,100
trout,37.96115494,10
trout,Undetermined,10
trout,Undetermined,10
trout,Undetermined,5
trout,Undetermined,5
trout,Undetermined,5
coho,20.32875061,1000000
coho,20.14357567,1000000
coho,20.11238861,1000000
coho,23.89065742,100000
coho,23.65315437,100000
coho,23.78669167,100000
coho,27.26457787,10000
coho,27.25659752,10000
coho,27.15999413,10000
coho,31.07575035,1000
coho,30.84645081,1000
coho,30.79725266,1000
coho,34.39804459,100
coho,34.63233185,100
coho,35.36245346,100
coho,38.01038742,10
coho,38.33706284,10
coho,38.08235931,10
coho,Undetermined,5
coho,39.36888885,5
coho,37.58037949,5
trout,19.34679413,1000000
trout,18.87501717,1000000
trout,18.65279579,1000000
trout,22.80827332,100000
trout,22.45959473,100000
trout,22.50944519,100000
trout,26.45160675,10000
trout,26.28643227,10000
trout,26.2178421,10000
trout,30.23908424,1000
trout,30.00922775,1000
trout,29.92532349,1000
trout,32.84903717,100
trout,32.62877655,100
trout,32.82820129,100
trout,37.64098358,10
trout,Undetermined,10
trout,37.62044525,10
trout,Undetermined,5
trout,Undetermined,5
trout,37.45766449,5
coho,20.53692245,1000000
coho,20.27962685,1000000
coho,20.33486748,1000000
coho,23.87234688,100000
coho,23.75339508,100000
coho,23.85361671,100000
coho,27.39843369,10000
coho,27.34305,10000
coho,27.22416306,10000
coho,30.78435135,1000
coho,30.81542969,1000
coho,30.72526932,1000
coho,34.94569397,100
coho,34.73808289,100
coho,34.7590332,100
coho,38.45287704,10
coho,37.86621094,10
coho,38.65752792,10
coho,Undetermined,5
coho,38.44514084,5
coho,37.5652504,5
trout,18.55862999,1000000
trout,17.97569656,1000000
trout,17.90092468,1000000
trout,22.11580086,100000
trout,21.88807297,100000
trout,21.74031448,100000
trout,25.62251663,10000
trout,25.58848572,10000
trout,25.00789452,10000
trout,29.55508423,1000
trout,29.49638367,1000
trout,29.51545715,1000
trout,34.23775864,100
trout,34.22745895,100
trout,33.55051804,100
trout,Undetermined,10
trout,35.6749382,10
trout,Undetermined,10
trout,Undetermined,5
trout,36.74212646,5
trout,37.02275467,5
coho,20.61344719,1000000
coho,20.30160332,1000000
coho,20.43521309,1000000
coho,24.10971069,100000
coho,23.97994995,100000
coho,23.99913406,100000
coho,27.6714859,10000
coho,27.65236664,10000
coho,27.64660645,10000
coho,31.78589439,1000
coho,31.5043354,1000
coho,31.72761536,1000
coho,35.54390335,100
coho,36.24835587,100
coho,34.99307632,100
coho,38.69668579,10
coho,Undetermined,10
coho,Undetermined,10
coho,Undetermined,5
coho,Undetermined,5
coho,39.50749207,5
trout,18.9887619,1000000
trout,18.53006363,1000000
trout,18.39100647,1000000
trout,22.43885803,100000
trout,22.23456573,100000
trout,22.46944618,100000
trout,26.3767395,10000
trout,26.09964943,10000
trout,26.09364891,10000
trout,31.09727287,1000
trout,31.25060463,1000
trout,31.19152641,1000
trout,35.82412338,100
trout,35.07307816,100
trout,33.87068558,100
trout,Undetermined,10
trout,Undetermined,10
trout,Undetermined,10
trout,Undetermined,5
trout,Undetermined,5
trout,Undetermined,5
coho,20.45141983,1000000
coho,20.13747597,1000000
coho,20.12067032,1000000
coho,23.8353405,100000
coho,23.77036285,100000
coho,23.7958107,100000
coho,27.35222244,10000
coho,27.29100227,10000
coho,27.36733627,10000
coho,30.9284668,1000
coho,30.9352932,1000
coho,30.91710854,1000
coho,34.49343109,100
coho,34.22161484,100
coho,34.34310532,100
coho,38.13274765,10
coho,36.92890549,10
coho,37.41056824,10
coho,Undetermined,5
coho,Undetermined,5
coho,39.29018402,5
trout,19.63862801,1000000
trout,19.09452629,1000000
trout,18.75442505,1000000
trout,22.33509254,100000
trout,22.14324951,100000
trout,22.12770653,100000
trout,26.05587959,10000
trout,25.92102814,10000
trout,26.04609489,10000
trout,28.91205597,1000
trout,29.28285408,1000
trout,29.5430088,1000
trout,33.90230179,100
trout,33.32268524,100
trout,34.34675217,100
trout,Undetermined,10
trout,36.60606766,10
trout,37.70275116,10
trout,Undetermined,5
trout,Undetermined,5
trout,Undetermined,5
coho,20.04881668,1000000
coho,19.770298,1000000
coho,19.79183578,1000000
coho,23.51587105,100000
coho,23.38245773,100000
coho,23.43979645,100000
coho,26.9144268,10000
coho,26.93629074,10000
coho,26.83182716,10000
coho,30.48516846,1000
coho,30.26501846,1000
coho,30.42165184,1000
coho,33.45973206,100
coho,33.86385345,100
coho,33.89933777,100
coho,37.21154785,10
coho,38.51087952,10
coho,Undetermined,10
coho,37.86175537,5
coho,38.43019104,5
coho,Undetermined,5
coho,19.60091591,1000000
coho,20.02011681,1000000
coho,20.08889389,1000000
coho,22.83918571,100000
coho,23.62526703,100000
coho,23.80764198,100000
coho,26.12239265,10000
coho,27.39507294,10000
coho,27.37091827,10000
coho,29.72556305,1000
coho,30.90073013,1000
coho,31.00858116,1000
coho,32.92407227,100
coho,34.40977097,100
coho,34.14263916,100
coho,36.30222702,10
coho,39.44627762,10
coho,38.49964142,10
coho,Undetermined,5
coho,Undetermined,5
coho,Undetermined,5
trout,19.11454773,1000000
trout,18.66811371,1000000
trout,18.65550232,1000000
trout,22.58140182,100000
trout,22.02672768,100000
trout,22.16699219,100000
trout,26.34988403,10000
trout,26.27582169,10000
trout,26.22420502,10000
trout,29.27848434,1000
trout,29.19020844,1000
trout,29.24186134,1000
trout,32.59131622,100
trout,33.09500885,100
trout,32.485466,100
trout,35.05482101,10
trout,Undetermined,10
trout,35.93747711,10
trout,38.63347626,5
trout,Undetermined,5
trout,35.46581268,5
trout,19.11274338,1000000
trout,18.49892616,1000000
trout,18.35137177,1000000
trout,22.40174484,100000
trout,22.14916611,100000
trout,22.12914276,100000
trout,Undetermined,10000
trout,Undetermined,10000
trout,Undetermined,10000
trout,26.20182419,1000
trout,25.94949913,1000
trout,26.1141758,1000
trout,33.02750397,100
trout,32.81047058,100
trout,32.32675171,100
trout,35.71966171,10
trout,37.45451355,10
trout,36.26045227,10
trout,37.84167099,5
trout,Undetermined,5
trout,36.12130737,5
coho,19.86132431,1000000
coho,20.09346199,1000000
coho,20.01317406,1000000
coho,23.15799713,100000
coho,23.60360146,100000
coho,23.6775589,100000
coho,26.51267433,10000
coho,26.82748985,10000
coho,26.69360733,10000
coho,30.18655586,1000
coho,30.35925293,1000
coho,30.36006355,1000
coho,33.5318222,100
coho,33.40156555,100
coho,33.58236694,100
coho,39.6964798,10
coho,36.63301086,10
coho,38.05878448,10
coho,39.75469971,5
coho,39.67617035,5
coho,38.04696274,5
trout,19.89908028,1000000
trout,19.53320885,1000000
trout,19.45124435,1000000
trout,23.21383095,100000
trout,23.13091087,100000
trout,22.75699043,100000
trout,25.43056297,10000
trout,25.18293381,10000
trout,25.94836426,10000
trout,30.6577282,1000
trout,29.61033821,1000
trout,30.87378502,1000
trout,33.08876801,100
trout,33.51748657,100
trout,32.76751328,100
trout,Undetermined,10
trout,Undetermined,10
trout,Undetermined,10
trout,Undetermined,5
trout,Undetermined,5
trout,37.44689941,5
coho,20.12633514,1000000
coho,19.90740395,1000000
coho,19.88988686,1000000
coho,23.46793938,100000
coho,23.33550835,100000
coho,23.39196777,100000
coho,26.88759613,10000
coho,26.78289032,10000
coho,26.69521523,10000
coho,30.36575508,1000
coho,30.1371479,1000
coho,30.10176277,1000
coho,33.16810608,100
coho,33.63681412,100
coho,33.60903549,100
coho,37.38096237,10
coho,36.7880249,10
coho,37.30196762,10
coho,37.84319305,5
coho,38.22286606,5
coho,38.09084702,5
coho,20.1026001,1000000
coho,20.07420731,1000000
coho,19.99348068,1000000
coho,23.50444984,100000
coho,23.57111359,100000
coho,23.59448242,100000
coho,26.88622093,10000
coho,26.98131561,10000
coho,26.80046463,10000
coho,30.34474754,1000
coho,30.41609001,1000
coho,30.40411186,1000
coho,33.17531967,100
coho,33.95714951,100
coho,33.80383682,100
coho,38.3218689,10
coho,36.97103119,10
coho,37.96631241,10
coho,39.61278152,5
coho,38.69989014,5
coho,37.86371231,5
coho,20.09612846,1000000
coho,19.91148376,1000000
coho,19.8868351,1000000
coho,23.2494297,100000
coho,23.36707306,100000
coho,23.33926201,100000
coho,26.64668465,10000
coho,26.91036034,10000
coho,26.90479851,10000
coho,30.43167686,1000
coho,30.16529083,1000
coho,30.28269768,1000
coho,33.16345978,100
coho,34.20969772,100
coho,33.29043579,100
coho,36.7682991,10
coho,36.36631012,10
coho,38.1279335,10
coho,37.70773697,5
coho,38.3813591,5
coho,38.4396286,5
coho,20.22599983,1000000
coho,19.89933205,1000000
coho,19.82130814,1000000
coho,23.52164078,100000
coho,23.51382446,100000
coho,23.48834038,100000
coho,26.96242332,10000
coho,26.73730087,10000
coho,26.65177345,10000
coho,30.31461716,1000
coho,30.16817284,1000
coho,30.41134453,1000
coho,33.47261429,100
coho,33.939888,100
coho,33.5945015,100
coho,36.82102203,10
coho,38.20805359,10
coho,37.05501556,10
coho,38.50753021,5
coho,37.57307434,5
coho,Undetermined,5
trout,19.15569115,1000000
trout,19.11727905,1000000
trout,18.97607803,1000000
trout,22.39754868,100000
trout,22.41633606,100000
trout,22.48947525,100000
trout,25.97398567,10000
trout,25.83383751,10000
trout,25.77545547,10000
trout,29.97808075,1000
trout,29.76376343,1000
trout,30.19506073,1000
trout,32.44801331,100
trout,32.71682358,100
trout,32.8021965,100
trout,37.89154434,10
trout,38.39603806,10
trout,Undetermined,10
trout,Undetermined,5
trout,Undetermined,5
trout,38.02464676,5
trout,19.49077606,1000000
trout,18.91411209,1000000
trout,18.83213806,1000000
trout,,
trout,,
trout,,
trout,25.6705513,10000
trout,25.71006393,10000
trout,25.72737694,10000
trout,29.76374435,1000
trout,29.86671257,1000
trout,29.281147,1000
trout,33.16823959,100
trout,33.37690735,100
trout,32.17960739,100
trout,36.49447632,10
trout,36.40539551,10
trout,35.76745987,10
trout,Undetermined,5
trout,Undetermined,5
trout,39.4145546,5
trout,19.53567886,1000000
trout,19.03468513,1000000
trout,19.13170815,1000000
trout,22.1576767,100000
trout,22.17590141,100000
trout,22.19763374,100000
trout,25.30124855,10000
trout,25.45326424,10000
trout,25.78973007,10000
trout,29.98476028,1000
trout,29.9178009,1000
trout,29.60539436,1000
trout,33.46094131,100
trout,34.05094147,100
trout,32.92440414,100
trout,38.05556488,10
trout,36.24019241,10
trout,37.79314804,10
trout,36.83058929,5
trout,36.24917603,5
trout,37.19819641,5
coho,19.83278847,1000000
coho,19.87745285,1000000
coho,19.82380486,1000000
coho,23.18561745,100000
coho,23.25398254,100000
coho,23.39669228,100000
coho,29.98430443,10000
coho,30.02978516,10000
coho,30.0458107,10000
coho,26.71366501,1000
coho,26.59132957,1000
coho,26.78579521,1000
coho,39.13060379,100
coho,Undetermined,100
coho,Undetermined,100
coho,37.10522079,10
coho,36.2480278,10
coho,36.19118881,10
coho,33.51781082,5
coho,33.79945374,5
coho,33.66997147,5
coho,19.77122879,1000000
coho,19.82481956,1000000
coho,19.66823006,1000000
coho,23.14599228,100000
coho,23.33249283,100000
coho,23.294487,100000
coho,26.54338646,10000
coho,26.68703079,10000
coho,26.60058212,10000
coho,30.06679535,1000
coho,29.99535179,1000
coho,30.20477676,1000
coho,34.00972748,100
coho,33.46418762,100
coho,33.83750153,100
coho,39.88444901,10
coho,36.99403,10
coho,36.73773575,10
coho,Undetermined,5
coho,Undetermined,5
coho,Undetermined,5
trout,19.25367737,1000000
trout,19.0320797,1000000
trout,18.99122429,1000000
trout,22.32043648,100000
trout,22.36906624,100000
trout,22.49876022,100000
trout,25.8308754,10000
trout,25.56956291,10000
trout,25.52075386,10000
trout,28.35422516,1000
trout,28.41529083,1000
trout,28.57990646,1000
trout,34.78973007,100
trout,34.08968353,100
trout,33.90834808,100
trout,35.41791534,10
trout,38.5965271,10
trout,37.1962471,10
trout,Undetermined,5
trout,37.55089569,5
trout,Undetermined,5
trout,19.18801498,1000000
trout,19.33607292,1000000
trout,19.21937561,1000000
trout,22.07132149,100000
trout,22.95548058,100000
trout,22.85334206,100000
trout,25.37589264,10000
trout,25.80962753,10000
trout,25.21346283,10000
trout,29.24030685,1000
trout,29.06240082,1000
trout,29.62709808,1000
trout,33.24971771,100
trout,33.97458649,100
trout,34.85942841,100
trout,35.77173996,10
trout,Undetermined,10
trout,36.18315887,10
trout,Undetermined,5
trout,Undetermined,5
trout,Undetermined,5
coho,20.04147911,1000000
coho,20.0544796,1000000
coho,19.96442986,1000000
coho,23.55437088,100000
coho,23.63295746,100000
coho,23.55498886,100000
coho,27.17541122,10000
coho,27.42583466,10000
coho,27.29791641,10000
coho,31.37346649,1000
coho,31.2096405,1000
coho,31.39479446,1000
coho,35.14749908,100
coho,35.54838943,100
coho,35.58166122,100
coho,38.47142792,10
coho,Undetermined,10
coho,37.64757156,10
coho,Undetermined,5
coho,Undetermined,5
coho,Undetermined,5
coho,20.04055595,1000000
coho,20.09456444,1000000
coho,20.04205704,1000000
coho,23.66238594,100000
coho,23.63013077,100000
coho,23.72458839,100000
coho,27.32116318,10000
coho,27.45828247,10000
coho,27.33635902,10000
coho,31.15027618,1000
coho,31.68117905,1000
coho,31.30907249,1000
coho,35.4686203,100
coho,35.06620026,100
coho,34.88486862,100
coho,38.08179474,10
coho,38.44667816,10
coho,38.5424118,10
coho,Undetermined,5
coho,Undetermined,5
coho,Undetermined,5
trout,19.3680191,1000000
trout,19.28230476,1000000
trout,18.9698925,1000000
trout,22.89762115,100000
trout,22.67648697,100000
trout,22.67617798,100000
trout,26.58036804,10000
trout,26.68942833,10000
trout,26.4044323,10000
trout,30.3973465,1000
trout,30.18168449,1000
trout,30.1190052,1000
trout,34.07419205,100
trout,33.32793427,100
trout,33.33006668,100
trout,Undetermined,10
trout,39.25328827,10
trout,39.45161057,10
trout,Undetermined,5
trout,38.69076538,5
trout,Undetermined,5
trout,17.8744297,1000000
trout,17.81562042,1000000
trout,17.46854401,1000000
trout,20.82909012,100000
trout,21.19679451,100000
trout,21.31513596,100000
trout,24.53166199,10000
trout,24.44333839,10000
trout,24.676548,10000
trout,28.26410103,1000
trout,28.64751434,1000
trout,28.51529694,1000
trout,30.77116394,100
trout,31.52223778,100
trout,31.28004456,100
trout,Undetermined,10
trout,34.44475174,10
trout,Undetermined,10
trout,35.61655045,5
trout,Undetermined,5
trout,Undetermined,5
coho,19.88866806,1000000
coho,19.8636055,1000000
coho,19.68907928,1000000
coho,23.36671829,100000
coho,23.45895958,100000
coho,23.33159828,100000
coho,26.79561615,10000
coho,26.85679054,10000
coho,26.70048714,10000
coho,30.48777199,1000
coho,30.35730553,1000
coho,30.29481316,1000
coho,33.4908638,100
coho,33.40624237,100
coho,33.52838516,100
coho,38.06848145,10
coho,39.16283035,10
coho,38.36518478,10
coho,Undetermined,5
coho,38.42201614,5
coho,Undetermined,5
trout,19.50238419,1000000
trout,19.29305267,1000000
trout,19.08612633,1000000
trout,22.64554405,100000
trout,22.65882683,100000
trout,22.67490387,100000
trout,26.40436935,10000
trout,26.32958794,10000
trout,26.1499691,10000
trout,30.46882439,1000
trout,29.85297394,1000
trout,30.05445671,1000
trout,33.42740631,100
trout,33.29220963,100
trout,33.42829514,100
trout,Undetermined,10
trout,Undetermined,10
trout,38.65001678,10
trout,37.74858475,5
trout,37.58239365,5
trout,37.79039001,5
coho,19.91915131,1000000
coho,19.88806343,1000000
coho,19.75382423,1000000
coho,23.27497101,100000
coho,23.19195938,100000
coho,23.23534775,100000
coho,26.71624947,10000
coho,26.78067589,10000
coho,26.69839287,10000
coho,30.04918289,1000
coho,30.1646347,1000
coho,30.20425415,1000
coho,33.30260849,100
coho,33.63670349,100
coho,33.40286636,100
coho,38.41397095,10
coho,36.72471237,10
coho,36.6947937,10
coho,38.43025589,5
coho,39.30001831,5
coho,36.97916794,5
coho,19.92802811,1000000
coho,19.79993057,1000000
coho,19.69155121,1000000
coho,23.12166023,100000
coho,23.25418854,100000
coho,23.22750282,100000
coho,26.60511208,10000
coho,26.65236092,10000
coho,26.6135273,10000
coho,30.09682465,1000
coho,30.06584167,1000
coho,30.09843445,1000
coho,33.48369598,100
coho,33.74729156,100
coho,33.42881393,100
coho,36.41807556,10
coho,37.41756821,10
coho,36.52720642,10
coho,37.73837662,5
coho,37.39757538,5
coho,Undetermined,5
trout,19.19309235,1000000
trout,18.90928268,1000000
trout,18.90211487,1000000
trout,22.70512772,100000
trout,22.76815987,100000
trout,22.64368629,100000
trout,26.14232445,10000
trout,26.25835228,10000
trout,26.08500481,10000
trout,29.92964745,1000
trout,30.00456238,1000
trout,29.9607563,1000
trout,31.85313988,100
trout,32.88360596,100
trout,32.67486191,100
trout,37.15788269,10
trout,37.06315231,10
trout,36.38249969,10
trout,34.59170532,5
trout,33.42033005,5
trout,35.82196808,5
trout,19.39980888,1000000
trout,19.18488121,1000000
trout,19.06064987,1000000
trout,21.37987518,100000
trout,21.48812866,100000
trout,21.04824829,100000
trout,26.05747604,10000
trout,26.12908936,10000
trout,25.75668144,10000
trout,29.51121902,1000
trout,29.66197014,1000
trout,29.21233749,1000
trout,33.44854736,100
trout,33.56338882,100
trout,33.59119034,100
trout,Undetermined,10
trout,38.61101151,10
trout,38.153759,10
trout,Undetermined,5
trout,Undetermined,5
trout,Undetermined,5
coho,20.38200951,1000000
coho,20.0411396,1000000
coho,19.95392799,1000000
coho,23.86581421,100000
coho,23.74184418,100000
coho,23.81296539,100000
coho,28.33786774,10000
coho,28.22295189,10000
coho,28.12625504,10000
coho,32.7507782,1000
coho,32.76317215,1000
coho,32.53775787,1000
coho,Undetermined,100
coho,38.04648972,100
coho,37.46628952,100
coho,Undetermined,10
coho,Undetermined,10
coho,Undetermined,10
coho,Undetermined,5
coho,Undetermined,5
coho,Undetermined,5
trout,20.59182739,1000000
trout,20.08672523,1000000
trout,20.01998329,1000000
trout,24.28753281,100000
trout,24.07596016,100000
trout,23.96629143,100000
trout,27.87708092,10000
trout,27.6303978,10000
trout,27.60021973,10000
trout,33.57133865,1000
trout,32.491436,1000
trout,32.99067307,1000
trout,35.94196701,100
trout,36.65161896,100
trout,35.13559723,100
trout,Undetermined,10
trout,Undetermined,10
trout,Undetermined,10
trout,Undetermined,5
trout,Undetermined,5
trout,Undetermined,5
coho,20.15480614,1000000
coho,19.98083305,1000000
coho,19.94409943,1000000
coho,23.67170525,100000
coho,23.58245659,100000
coho,23.5529747,100000
coho,27.16290283,10000
coho,27.20478439,10000
coho,27.04427528,10000
coho,31.05128288,1000
coho,31.04838371,1000
coho,30.96539116,1000
coho,34.20796967,100
coho,34.45851898,100
coho,34.27706909,100
coho,38.28957367,10
coho,36.87125397,10
coho,38.00701904,10
coho,Undetermined,5
coho,39.02698898,5
coho,Undetermined,5
trout,18.97083855,1000000
trout,18.00105095,1000000
trout,17.7630291,1000000
trout,21.79269981,100000
trout,21.86395454,100000
trout,21.66172218,100000
trout,25.59223747,10000
trout,25.27624893,10000
trout,25.57712364,10000
trout,29.86360931,1000
trout,29.58020973,1000
trout,29.36962318,1000
trout,33.5109024,100
trout,34.11188507,100
trout,32.64413071,100
trout,37.96405029,10
trout,35.33021164,10
trout,34.98651505,10
trout,Undetermined,5
trout,35.93505096,5
trout,Undetermined,5
coho,19.76311493,1000000
coho,19.65138054,1000000
coho,19.51365852,1000000
coho,23.2851162,100000
coho,23.36077309,100000
coho,23.22875786,100000
coho,26.8434639,10000
coho,26.87167358,10000
coho,26.77786636,10000
coho,30.41430664,1000
coho,30.26663589,1000
coho,30.47570229,1000
coho,34.03673172,100
coho,33.57704163,100
coho,34.35200119,100
coho,39.47822952,10
coho,38.04232407,10
coho,39.23950195,10
coho,Undetermined,5
coho,37.52381134,5
coho,37.0281105,5
trout,19.82262611,1000000
trout,19.45273018,1000000
trout,19.10092735,1000000
trout,23.04903412,100000
trout,23.00832748,100000
trout,23.06540298,100000
trout,26.56580925,10000
trout,26.73191833,10000
trout,26.61561584,10000
trout,30.6618557,1000
trout,30.34405518,1000
trout,30.27392578,1000
trout,36.10259247,100
trout,35.77334595,100
trout,34.97798157,100
trout,36.80834579,10
trout,Undetermined,10
trout,Undetermined,10
trout,37.79891205,5
trout,37.81819534,5
trout,37.87334061,5
coho,20.20610809,1000000
coho,20.06314278,1000000
coho,19.95278931,1000000
coho,23.8241272,100000
coho,23.71920586,100000
coho,23.76678085,100000
coho,27.49500656,10000
coho,27.46648788,10000
coho,27.36574745,10000
coho,30.86132431,1000
coho,30.94837761,1000
coho,30.83270836,1000
coho,34.5874176,100
coho,34.96673203,100
coho,34.17231369,100
coho,38.48338318,10
coho,36.99540329,10
coho,36.27420425,10
coho,38.39960861,5
coho,Undetermined,5
coho,39.73126602,5
coho,20.00126648,1000000
coho,19.80004311,1000000
coho,20.04177666,1000000
coho,23.50322914,100000
coho,23.4192276,100000
coho,23.38689613,100000
coho,27.19055367,10000
coho,27.13248634,10000
coho,27.11091423,10000
coho,30.7650795,1000
coho,30.37309837,1000
coho,30.56215477,1000
coho,34.14453125,100
coho,33.69612122,100
coho,33.70165634,100
coho,37.19813919,10
coho,Undetermined,10
coho,38.31029129,10
coho,38.43974304,5
coho,Undetermined,5
coho,39.36515427,5
trout,18.06979942,1000000
trout,17.65748978,1000000
trout,17.56937599,1000000
trout,21.65122223,100000
trout,21.28189659,100000
trout,21.20367432,100000
trout,25.02626038,10000
trout,25.18220329,10000
trout,24.65858078,10000
trout,28.09710693,1000
trout,28.26091957,1000
trout,28.06871605,1000
trout,30.56861877,100
trout,31.7632103,100
trout,31.74117661,100
trout,37.84580612,10
trout,Undetermined,10
trout,35.0702858,10
trout,Undetermined,5
trout,35.1720314,5
trout,Undetermined,5
trout,19.1343235,1000000
trout,19.15205765,1000000
trout,18.96255684,1000000
trout,22.16821594,100000
trout,22.17944946,100000
trout,22.16462936,100000
trout,24.92923737,10000
trout,25.27288589,10000
trout,25.53976059,10000
trout,29.36064911,1000
trout,29.37941322,1000
trout,29.3053299,1000
trout,32.9810791,100
trout,32.87566757,100
trout,32.22187042,100
trout,35.35227966,10
trout,36.57208633,10
trout,37.66508484,10
trout,38.96255684,5
trout,37.86821594,5
trout,39.17944946,5
coho,19.94664192,1000000
coho,20.21888733,1000000
coho,19.85715485,1000000
coho,23.48214912,100000
coho,23.5267086,100000
coho,23.40759087,100000
coho,26.68878174,10000
coho,27.56676102,10000
coho,26.7034111,10000
coho,30.31622124,1000
coho,30.66050339,1000
coho,30.32579803,1000
coho,34.1529808,100
coho,34.50740051,100
coho,33.96085358,100
coho,36.98905182,10
coho,37.21186447,10
coho,38.7617836,10
coho,37.9095993,5
coho,Undetermined,5
coho,Undetermined,5
coho,20.12722588,1000000
coho,19.98596191,1000000
coho,19.96779633,1000000
coho,23.56299782,100000
coho,23.51545143,100000
coho,23.53193665,100000
coho,27.05149841,10000
coho,27.02726936,10000
coho,26.97505379,10000
coho,30.53505135,1000
coho,30.50868988,1000
coho,30.68271637,1000
coho,34.211586,100
coho,34.65705109,100
coho,34.34671783,100
coho,38.35306168,10
coho,37.95986176,10
coho,37.71385574,10
coho,38.21718216,5
coho,38.08180237,5
coho,Undetermined,5
trout,19.80366516,1000000
trout,19.64903831,1000000
trout,19.46295929,1000000
trout,22.97742844,100000
trout,23.03622437,100000
trout,23.02220535,100000
trout,25.50184059,10000
trout,26.06601906,10000
trout,25.73564911,10000
trout,30.34855843,1000
trout,30.11561203,1000
trout,30.46132088,1000
trout,33.76168823,100
trout,33.43015671,100
trout,33.1410141,100
trout,37.43357468,10
trout,39.70697021,10
trout,36.23696899,10
trout,37.6377449,5
trout,37.15684509,5
trout,Undetermined,5
trout,19.68642426,1000000
trout,19.2413578,1000000
trout,19.24295998,1000000
trout,23.0571003,100000
trout,22.96681023,100000
trout,22.98943329,100000
trout,26.65145874,10000
trout,26.43029022,10000
trout,26.54710197,10000
trout,30.86443138,1000
trout,30.13274574,1000
trout,30.60713196,1000
trout,33.26399231,100
trout,33.83209229,100
trout,32.61477661,100
trout,Undetermined,10
trout,Undetermined,10
trout,36.77809906,10
trout,38.62591934,5
trout,Undetermined,5
trout,37.04276276,5
coho,17.43959999,1000000
coho,17.76992035,1000000
coho,17.7039032,1000000
coho,20.92051888,100000
coho,20.98499298,100000
coho,21.09737396,100000
coho,24.40036392,10000
coho,24.53516006,10000
coho,24.47545052,10000
coho,27.85895157,1000
coho,27.95137978,1000
coho,27.83745003,1000
coho,31.38810539,100
coho,31.26605225,100
coho,31.19860649,100
coho,35.70819092,10
coho,37.04356384,10
coho,34.52192688,10
coho,36.4142189,5
coho,36.13109207,5
coho,37.33215714,5
coho,20.18373299,1000000
coho,20.13329124,1000000
coho,20.04523087,1000000
coho,23.4766922,100000
coho,23.39770317,100000
coho,23.42274475,100000
coho,26.72907066,10000
coho,26.87977982,10000
coho,26.73769569,10000
coho,30.37605286,1000
coho,30.34939003,1000
coho,30.46621704,1000
coho,33.66421509,100
coho,33.51283264,100
coho,33.75903702,100
coho,38.65977097,10
coho,39.4917984,10
coho,39.63165665,10
coho,Undetermined,5
coho,37.52206421,5
coho,37.93313599,5
coho,19.70365524,1000000
coho,19.61017799,1000000
coho,19.6007576,1000000
coho,23.11380005,100000
coho,22.98514557,100000
coho,23.03707886,100000
coho,26.43647957,10000
coho,26.39757156,10000
coho,26.33329391,10000
coho,29.96008873,1000
coho,29.90219688,1000
coho,29.85980797,1000
coho,33.73193741,100
coho,33.24303436,100
coho,33.43712616,100
coho,36.70829773,10
coho,37.36085892,10
coho,36.67076492,10
coho,37.64995575,5
coho,39.56115341,5
coho,39.22357941,5
trout,19.89751434,1000000
trout,19.41436958,1000000
trout,19.44560242,1000000
trout,22.86881447,100000
trout,22.78009415,100000
trout,22.79231644,100000
trout,25.81417084,10000
trout,26.03094673,10000
trout,25.8248539,10000
trout,31.17715836,1000
trout,30.75546646,1000
trout,30.64600945,1000
trout,33.30375671,100
trout,32.95318985,100
trout,33.48311234,100
trout,36.16068649,10
trout,37.68164444,10
trout,Undetermined,10
trout,Undetermined,5
trout,37.67695999,5
trout,Undetermined,5
trout,19.66492462,1000000
trout,19.47272301,1000000
trout,19.2729969,1000000
trout,22.79280663,100000
trout,22.69120407,100000
trout,22.66282463,100000
trout,25.79940605,10000
trout,25.71848106,10000
trout,25.6830349,10000
trout,30.6814518,1000
trout,30.44765663,1000
trout,30.12937164,1000
trout,34.23764801,100
trout,34.6757164,100
trout,33.46319199,100
trout,39.20385742,10
trout,Undetermined,10
trout,38.20501709,10
trout,36.67479324,5
trout,Undetermined,5
trout,37.86823654,5
trout,18.92416382,1000000
trout,18.64551353,1000000
trout,18.63793373,1000000
trout,22.16055183,100000
trout,22.13030968,100000
trout,22.11672325,100000
trout,25.19422913,10000
trout,25.20820656,10000
trout,25.0388279,10000
trout,29.32216263,1000
trout,29.86079025,1000
trout,30.17431259,1000
trout,32.29306412,100
trout,33.95634079,100
trout,33.34647751,100
trout,35.40231705,10
trout,36.88676453,10
trout,36.13873672,10
trout,38.11672325,5
trout,Undetermined,5
trout,37.50820656,5
coho,17.42045784,1000000
coho,17.41261292,1000000
coho,17.29056358,1000000
coho,21.16584015,100000
coho,21.13951874,100000
coho,21.177248,100000
coho,24.7657299,10000
coho,24.80958748,10000
coho,24.6137085,10000
coho,28.54637527,1000
coho,28.20010376,1000
coho,28.34824944,1000
coho,31.72258186,100
coho,32.38176346,100
coho,32.45941162,100
coho,34.38929749,10
coho,36.15878296,10
coho,36.17324066,10
coho,Undetermined,5
coho,Undetermined,5
coho,Undetermined,5
coho,20.04538536,1000000
coho,20.07837486,1000000
coho,19.96102715,1000000
coho,23.79156303,100000
coho,23.89524269,100000
coho,23.75914001,100000
coho,27.29694366,10000
coho,27.67376518,10000
coho,27.22958755,10000
coho,31.20988274,1000
coho,31.2631855,1000
coho,30.82520866,1000
coho,35.36276627,100
coho,35.75247955,100
coho,34.38384628,100
coho,Undetermined,10
coho,38.5337677,10
coho,39.57379913,10
coho,38.54284286,5
coho,39.45215225,5
coho,Undetermined,5
trout,19.77446175,1000000
trout,19.79179573,1000000
trout,19.31513977,1000000
trout,23.31942368,100000
trout,23.56145859,100000
trout,23.05790329,100000
trout,27.18829155,10000
trout,27.69155312,10000
trout,26.94042587,10000
trout,30.86633682,1000
trout,30.81620026,1000
trout,30.21055984,1000
trout,32.63742065,100
trout,32.63581467,100
trout,31.25807762,100
trout,Undetermined,10
trout,37.62459183,10
trout,Undetermined,10
trout,Undetermined,5
trout,Undetermined,5
trout,Undetermined,5
trout,19.30290031,1000000
trout,18.77170181,1000000
trout,18.76745415,1000000
trout,22.25169945,100000
trout,22.30500603,100000
trout,22.27739716,100000
trout,25.61625671,10000
trout,25.7415657,10000
trout,25.65122414,10000
trout,29.74604797,1000
trout,29.79789352,1000
trout,29.8399086,1000
trout,33.52603912,100
trout,34.14912796,100
trout,33.80417633,100
trout,Undetermined,10
trout,37.00900269,10
trout,36.7730484,10
trout,Undetermined,5
trout,Undetermined,5
trout,Undetermined,5
coho,20.2697506,1000000
coho,20.18033218,1000000
coho,20.1171608,1000000
coho,23.66778755,100000
coho,23.60525894,100000
coho,23.57992554,100000
coho,26.98390007,10000
coho,27.13879013,10000
coho,27.04908562,10000
coho,30.68899536,1000
coho,30.3933239,1000
coho,30.40202713,1000
coho,34.20957947,100
coho,34.47396088,100
coho,34.342659,100
coho,37.69764709,10
coho,37.92907333,10
coho,36.47681808,10
coho,38.6225853,5
coho,37.65590286,5
coho,39.47101974,5
coho,20.29295921,1000000
coho,20.10930252,1000000
coho,20.0898838,1000000
coho,23.63537979,100000
coho,23.51496124,100000
coho,23.59763718,100000
coho,27.02087784,10000
coho,27.0726757,10000
coho,26.9973259,10000
coho,30.65801239,1000
coho,30.4143219,1000
coho,30.51398277,1000
coho,33.64697266,100
coho,34.0515976,100
coho,33.8520546,100
coho,39.86643982,10
coho,38.86476135,10
coho,37.79893875,10
coho,37.02843475,5
coho,38.50827789,5
coho,Undetermined,5
trout,19.2488327,1000000
trout,18.83666229,1000000
trout,18.70746803,1000000
trout,22.58083916,100000
trout,22.20354271,100000
trout,22.31204033,100000
trout,25.69959259,10000
trout,25.71928787,10000
trout,25.47849083,10000
trout,29.63225937,1000
trout,29.12973595,1000
trout,29.59890366,1000
trout,34.02119064,100
trout,32.7794838,100
trout,33.48626709,100
trout,37.80993652,10
trout,36.68845367,10
trout,Undetermined,10
trout,38.10071564,5
trout,37.46282578,5
trout,36.74204254,5
trout,19.37768936,1000000
trout,18.98189735,1000000
trout,18.90593719,1000000
trout,22.40917206,100000
trout,22.27482033,100000
trout,22.32599449,100000
trout,25.81938171,10000
trout,25.75279236,10000
trout,25.62521172,10000
trout,29.87682152,1000
trout,29.570858,1000
trout,29.76923752,1000
trout,Undetermined,100
trout,Undetermined,100
trout,Undetermined,100
trout,37.8155632,10
trout,36.40566254,10
trout,37.02797318,10
trout,Undetermined,5
trout,37.72758484,5
trout,Undetermined,5
coho,19.85920334,1000000
coho,19.91936493,1000000
coho,19.71802139,1000000
coho,23.17025566,100000
coho,23.53434181,100000
coho,23.20161057,100000
coho,26.64313698,10000
coho,26.98713875,10000
coho,26.625103,10000
coho,30.14753151,1000
coho,30.18248558,1000
coho,30.2685318,1000
coho,33.47338104,100
coho,33.87400436,100
coho,33.4300499,100
coho,36.34398651,10
coho,37.48252869,10
coho,38.12273026,10
coho,38.4744606,5
coho,37.02624893,5
coho,38.0276947,5
coho,19.95683861,1000000
coho,19.92527962,1000000
coho,19.80071831,1000000
coho,23.32547379,100000
coho,23.32450294,100000
coho,23.35374069,100000
coho,26.76387787,10000
coho,26.79685402,10000
coho,26.69876099,10000
coho,30.33446121,1000
coho,30.29613686,1000
coho,30.44440842,1000
coho,33.72257614,100
coho,33.57741165,100
coho,33.49659348,100
coho,36.21805573,10
coho,37.82196808,10
coho,37.29782867,10
coho,39.24191666,5
coho,39.55604172,5
coho,37.05500031,5
trout,19.58967209,1000000
trout,19.28213692,1000000
trout,19.11649132,1000000
trout,22.68334198,100000
trout,22.90332413,100000
trout,22.95293427,100000
trout,25.7569809,10000
trout,26.35047722,10000
trout,25.96260262,10000
trout,30.62783623,1000
trout,30.40968323,1000
trout,30.51590919,1000
trout,33.72250366,100
trout,33.61021423,100
trout,32.83325195,100
trout,38.75124359,10
trout,36.80387497,10
trout,37.79550171,10
trout,36.71453094,5
trout,Undetermined,5
trout,Undetermined,5
coho,19.24957275,1000000
coho,19.28923798,1000000
coho,19.1556797,1000000
coho,22.40485191,100000
coho,22.49326515,100000
coho,22.45254135,100000
coho,25.57642555,10000
coho,25.6149025,10000
coho,25.45351028,10000
coho,28.98856735,1000
coho,28.78152466,1000
coho,28.80499268,1000
coho,32.24126053,100
coho,32.15814972,100
coho,31.89736176,100
coho,35.76698685,10
coho,34.81137466,10
coho,36.39885712,10
coho,35.69963455,5
coho,35.62527847,5
coho,36.46652222,5
coho,19.2763176,1000000
coho,19.25035477,1000000
coho,19.22761917,1000000
coho,22.51238441,100000
coho,22.49066734,100000
coho,22.50055504,100000
coho,25.67563057,10000
coho,25.70141792,10000
coho,25.56183243,10000
coho,28.91094589,1000
coho,28.81458855,1000
coho,28.81171608,1000
coho,31.97917938,100
coho,32.3619957,100
coho,32.33779144,100
coho,35.1616745,10
coho,35.19835281,10
coho,34.75288773,10
coho,36.42635727,5
coho,37.65533066,5
coho,37.5420723,5
trout,18.28447151,1000000
trout,18.22504425,1000000
trout,18.01595306,1000000
trout,21.21588326,100000
trout,21.23333549,100000
trout,21.17987823,100000
trout,24.32790947,10000
trout,24.4473896,10000
trout,24.39556885,10000
trout,27.72415352,1000
trout,27.61885262,1000
trout,27.70981407,1000
trout,30.8989563,100
trout,30.98064995,100
trout,31.05638123,100
trout,33.94420242,10
trout,33.56998825,10
trout,33.75722122,10
trout,36.04926682,5
trout,36.35295486,5
trout,36.96905899,5
trout,18.69829178,1000000
trout,18.15211105,1000000
trout,17.95223618,1000000
trout,21.48264313,100000
trout,21.3536911,100000
trout,21.42022896,100000
trout,24.79119492,10000
trout,24.62421417,10000
trout,24.65158081,10000
trout,27.68495941,1000
trout,27.63383102,1000
trout,27.87081528,1000
trout,31.2743454,100
trout,31.52126312,100
trout,31.25137138,100
trout,35.10971451,10
trout,35.11714172,10
trout,34.80234909,10
trout,36.35962296,5
trout,35.46548462,5
trout,36.27577591,5
coho,19.42686462,1000000
coho,19.42404747,1000000
coho,19.3553257,1000000
coho,22.79995728,100000
coho,22.8086338,100000
coho,22.83074379,100000
coho,25.94532204,10000
coho,26.34202003,10000
coho,26.26296425,10000
coho,29.63321114,1000
coho,29.60630226,1000
coho,29.63203621,1000
coho,33.08499908,100
coho,32.75333023,100
coho,33.28102493,100
coho,36.5811882,10
coho,37.65752792,10
coho,39.2837944,10
coho,37.25072861,5
coho,36.60107422,5
coho,37.36593246,5
coho,Undetermined,1000000
coho,Undetermined,1000000
coho,Undetermined,1000000
coho,Undetermined,100000
coho,Undetermined,100000
coho,Undetermined,100000
coho,Undetermined,10000
coho,Undetermined,10000
coho,Undetermined,10000
coho,Undetermined,1000
coho,Undetermined,1000
coho,Undetermined,1000
coho,Undetermined,100
coho,Undetermined,100
coho,Undetermined,100
coho,Undetermined,10
coho,Undetermined,10
coho,Undetermined,10
coho,Undetermined,5
coho,Undetermined,5
coho,Undetermined,5
trout,18.72626686,1000000
trout,18.43526268,1000000
trout,18.25276756,1000000
trout,21.72179985,100000
trout,21.53985786,100000
trout,21.49690819,100000
trout,25.21151924,10000
trout,25.11783791,10000
trout,25.19355011,10000
trout,27.66506577,1000
trout,27.68027878,1000
trout,27.61548424,1000
trout,32.47599411,100
trout,32.13479996,100
trout,32.55437469,100
trout,35.19506454,10
trout,38.64048386,10
trout,35.19249344,10
trout,36.87007904,5
trout,37.74205017,5
trout,Undetermined,5
trout,18.99522018,1000000
trout,18.5636692,1000000
trout,18.45010185,1000000
trout,21.90597153,100000
trout,21.98052979,100000
trout,21.81600571,100000
trout,25.30440521,10000
trout,25.29448318,10000
trout,25.22075462,10000
trout,29.32815895,1000
trout,29.39193573,1000
trout,29.33208427,1000
trout,32.35697556,100
trout,32.37910461,100
trout,32.44034576,100
trout,36.29448318,10
trout,35.22075462,10
trout,35.32815895,10
trout,36.86737442,5
trout,37.68557739,5
trout,37.990345,5
coho,19.92171288,1000000
coho,19.92118073,1000000
coho,19.79715347,1000000
coho,23.30834579,100000
coho,23.43515778,100000
coho,23.33067894,100000
coho,26.67362213,10000
coho,26.89858055,10000
coho,26.81415558,10000
coho,30.2964325,1000
coho,30.46447945,1000
coho,30.31981659,1000
coho,33.54444504,100
coho,33.97954941,100
coho,33.39999771,100
coho,37.60277557,10
coho,36.97993851,10
coho,37.22679138,10
coho,37.79984283,5
coho,37.76578522,5
coho,37.62387466,5
coho,19.31370354,1000000
coho,19.30034256,1000000
coho,19.21401596,1000000
coho,22.99169731,100000
coho,22.83560753,100000
coho,22.8120842,100000
coho,26.18471336,10000
coho,26.21582985,10000
coho,26.11912918,10000
coho,29.75069046,1000
coho,29.57801628,1000
coho,29.68005562,1000
coho,33.38343048,100
coho,32.8151741,100
coho,32.96480942,100
coho,36.07125854,10
coho,36.97554398,10
coho,37.14382172,10
coho,37.88683701,5
coho,39.2326622,5
coho,37.13858795,5
trout,18.73897362,1000000
trout,18.50701332,1000000
trout,18.31833267,1000000
trout,21.74304962,100000
trout,21.69846725,100000
trout,21.73348045,100000
trout,25.5001297,10000
trout,25.50098038,10000
trout,25.52257729,10000
trout,29.05784798,1000
trout,28.89785957,1000
trout,28.96397018,1000
trout,30.34042358,100
trout,31.11449432,100
trout,30.53059769,100
trout,35.45200729,10
trout,34.62237167,10
trout,34.37353134,10
trout,36.29264069,5
trout,36.52664566,5
trout,Undetermined,5
trout,18.80372047,1000000
trout,18.54644012,1000000
trout,18.40702629,1000000
trout,22.05656242,100000
trout,22.04995155,100000
trout,21.99407768,100000
trout,25.26796341,10000
trout,25.20871735,10000
trout,25.18703651,10000
trout,28.44158363,1000
trout,28.16759109,1000
trout,27.71345329,1000
trout,32.23393631,100
trout,31.79512024,100
trout,32.14318085,100
trout,36.09386444,10
trout,35.67726135,10
trout,38.78770828,10
trout,36.2155838,5
trout,37.84288025,5
trout,Undetermined,5
coho,20.06369019,1000000
coho,19.95982933,1000000
coho,19.94626617,1000000
coho,23.52477074,100000
coho,23.51958847,100000
coho,23.48511887,100000
coho,26.99888992,10000
coho,26.99007416,10000
coho,26.8447113,10000
coho,30.80152512,1000
coho,30.75601196,1000
coho,30.59012222,1000
coho,34.14735031,100
coho,34.20681763,100
coho,33.82636642,100
coho,37.0659523,10
coho,37.26453781,10
coho,37.54558945,10
coho,38.19030762,5
coho,38.05213547,5
coho,39.88067627,5
trout,18.69444466,1000000
trout,18.59262657,1000000
trout,17.87723732,1000000
trout,22.02022743,100000
trout,21.61450577,100000
trout,21.97231674,100000
trout,25.78404808,10000
trout,25.75779915,10000
trout,25.49768066,10000
trout,29.54104233,1000
trout,29.5242672,1000
trout,29.49654579,1000
trout,33.03801346,100
trout,32.90889359,100
trout,32.61511612,100
trout,Undetermined,10
trout,36.35790253,10
trout,37.77603531,10
trout,Undetermined,5
trout,37.10566711,5
trout,36.78985977,5
coho,19.81875038,1000000
coho,19.87886429,1000000
coho,19.61901474,1000000
coho,23.11097145,100000
coho,23.40022278,100000
coho,23.14458656,100000
coho,26.6059227,10000
coho,26.87787056,10000
coho,26.38045692,10000
coho,30.09575844,1000
coho,30.06578064,1000
coho,30.0108242,1000
coho,33.25593567,100
coho,33.82157516,100
coho,33.27783203,100
coho,36.96242142,10
coho,36.78940201,10
coho,36.4800148,10
coho,39.02590179,5
coho,39.54720688,5
coho,37.08330917,5
trout,18.64555931,1000000
trout,18.07251549,1000000
trout,18.11517334,1000000
trout,21.65354156,100000
trout,21.84986496,100000
trout,21.75658417,100000
trout,25.30334663,10000
trout,25.17017555,10000
trout,24.98304749,10000
trout,29.70131874,1000
trout,29.53395081,1000
trout,29.30305862,1000
trout,32.48449707,100
trout,32.95874786,100
trout,32.38100433,100
trout,36.02589035,10
trout,36.08148956,10
trout,34.72898102,10
trout,37.59398651,5
trout,36.94883347,5
trout,36.64198303,5
coho,20.20552826,1000000
coho,20.06498718,1000000
coho,19.99311447,1000000
coho,23.4807415,100000
coho,23.37902832,100000
coho,23.4229393,100000
coho,26.86719513,10000
coho,26.80577278,10000
coho,26.77896309,10000
coho,30.26006317,1000
coho,30.26826668,1000
coho,30.2272644,1000
coho,33.59725571,100
coho,33.86994171,100
coho,33.32126236,100
coho,37.17866135,10
coho,37.49389648,10
coho,36.71144867,10
coho,37.78830338,5
coho,Undetermined,5
coho,39.97544479,5
coho,20.01073074,1000000
coho,19.92853355,1000000
coho,19.85982323,1000000
coho,23.38350296,100000
coho,23.28297043,100000
coho,23.35352135,100000
coho,26.82239151,10000
coho,26.68885803,10000
coho,26.70834732,10000
coho,30.26659966,1000
coho,30.20355415,1000
coho,30.11497116,1000
coho,33.22978592,100
coho,33.64586639,100
coho,33.63227081,100
coho,36.91559982,10
coho,36.73036957,10
coho,37.06888962,10
coho,38.39570618,5
coho,39.30080032,5
coho,37.35614395,5
trout,20.21934509,1000000
trout,19.81168556,1000000
trout,19.77173233,1000000
trout,22.86348152,100000
trout,22.71145248,100000
trout,22.69758797,100000
trout,26.34620857,10000
trout,25.95620728,10000
trout,26.14390564,10000
trout,30.19050026,1000
trout,29.73199081,1000
trout,29.90024185,1000
trout,33.29974747,100
trout,33.75886154,100
trout,33.17545319,100
trout,38.15320969,10
trout,35.770401,10
trout,36.53530121,10
trout,37.04491806,5
trout,35.93282318,5
trout,Undetermined,5
trout,19.59071732,1000000
trout,19.70664978,1000000
trout,19.38282585,1000000
trout,22.4094677,100000
trout,22.90937996,100000
trout,22.79560471,100000
trout,25.5582943,10000
trout,25.59822655,10000
trout,25.36514282,10000
trout,29.32073784,1000
trout,29.84341812,1000
trout,29.7312851,1000
trout,33.20599365,100
trout,34.21717834,100
trout,33.01053619,100
trout,38.68918228,10
trout,35.53406906,10
trout,Undetermined,10
trout,38.3955307,5
trout,Undetermined,5
trout,Undetermined,5
coho,20.50491905,1000000
coho,20.35676384,1000000
coho,20.29285622,1000000
coho,23.90849495,100000
coho,23.82423401,100000
coho,23.87946892,100000
coho,27.33379364,10000
coho,27.25564003,10000
coho,27.06846237,10000
coho,30.75286484,1000
coho,30.6971283,1000
coho,30.69891739,1000
coho,34.31723404,100
coho,33.98109436,100
coho,33.98294067,100
coho,37.49784088,10
coho,37.43082428,10
coho,36.72091675,10
coho,36.79456711,5
coho,38.56517029,5
coho,37.96215439,5
coho,20.47692108,1000000
coho,20.28561783,1000000
coho,20.25859642,1000000
coho,23.87314987,100000
coho,23.8054657,100000
coho,23.8704052,100000
coho,27.30654716,10000
coho,27.15389252,10000
coho,27.14249611,10000
coho,30.7493248,1000
coho,30.49232483,1000
coho,30.61970139,1000
coho,33.9114418,100
coho,34.0830307,100
coho,33.92943954,100
coho,38.31283188,10
coho,38.15533066,10
coho,37.87010193,10
coho,39.86608887,5
coho,Undetermined,5
coho,37.88734818,5
trout,19.2530117,1000000
trout,18.74946785,1000000
trout,18.70273018,1000000
trout,22.32235336,100000
trout,21.97379494,100000
trout,22.13910866,100000
trout,25.64640808,10000
trout,25.55273628,10000
trout,25.55329323,10000
trout,29.32613564,1000
trout,29.15392494,1000
trout,29.31365204,1000
trout,32.94416428,100
trout,32.79161453,100
trout,32.60313797,100
trout,35.4707756,10
trout,36.12154007,10
trout,36.76122284,10
trout,36.59505463,5
trout,Undetermined,5
trout,36.72190475,5
trout,19.03511429,1000000
trout,18.8108902,1000000
trout,19.19368935,1000000
trout,21.51802826,100000
trout,21.70735168,100000
trout,21.86170197,100000
trout,25.63131523,10000
trout,25.62137032,10000
trout,25.67416573,10000
trout,29.11776543,1000
trout,29.03633308,1000
trout,29.12722588,1000
trout,32.86297607,100
trout,33.04443741,100
trout,32.11863708,100
trout,35.87747955,10
trout,36.28291702,10
trout,36.5692482,10
trout,36.62587738,5
trout,36.60479355,5
trout,Undetermined,5
coho,20.48732376,1000000
coho,20.23807716,1000000
coho,20.14477348,1000000
coho,23.7612381,100000
coho,23.65696526,100000
coho,23.64294624,100000
coho,27.17877579,10000
coho,27.09321594,10000
coho,26.96810722,10000
coho,30.66651154,1000
coho,30.44287872,1000
coho,30.59205246,1000
coho,33.68310547,100
coho,34.25789642,100
coho,33.76831436,100
coho,Undetermined,10
coho,36.69613647,10
coho,36.82585907,10
coho,38.25773239,5
coho,39.49593353,5
coho,Undetermined,5
coho,20.35992813,1000000
coho,20.19874382,1000000
coho,20.24888229,1000000
coho,23.62608147,100000
coho,23.80512619,100000
coho,23.85513496,100000
coho,27.16735077,10000
coho,27.04437065,10000
coho,27.01119995,10000
coho,30.65849495,1000
coho,30.43885612,1000
coho,30.70962143,1000
coho,33.85972214,100
coho,33.96981812,100
coho,34.37445831,100
coho,37.82592773,10
coho,37.23781967,10
coho,38.14264297,10
coho,37.61518478,5
coho,38.72140884,5
coho,39.72341537,5
coho,20.36919975,1000000
coho,20.20500183,1000000
coho,20.16632843,1000000
coho,23.78318405,100000
coho,23.72652245,100000
coho,23.72815514,100000
coho,27.06960106,10000
coho,26.99129486,10000
coho,26.99190903,10000
coho,30.6301136,1000
coho,30.45423126,1000
coho,30.61724854,1000
coho,34.36056137,100
coho,34.26480103,100
coho,33.81894302,100
coho,36.50345993,10
coho,36.5187149,10
coho,38.1219368,10
coho,38.77701569,5
coho,39.44786453,5
coho,39.88028717,5
trout,19.33608055,1000000
trout,18.85614395,1000000
trout,18.83095932,1000000
trout,22.50859833,100000
trout,22.27719498,100000
trout,22.33432198,100000
trout,25.67913818,10000
trout,25.60737228,10000
trout,25.56612968,10000
trout,29.93919945,1000
trout,29.58916092,1000
trout,29.70777893,1000
trout,33.12322235,100
trout,33.5273056,100
trout,33.02589798,100
trout,37.08876038,10
trout,36.51724243,10
trout,36.79761124,10
trout,Undetermined,5
trout,Undetermined,5
trout,Undetermined,5
trout,19.03669548,1000000
trout,18.80366707,1000000
trout,18.74191284,1000000
trout,22.24947548,100000
trout,22.18223763,100000
trout,22.27605438,100000
trout,25.7560463,10000
trout,25.73788261,10000
trout,25.76799393,10000
trout,29.72374344,1000
trout,29.46098709,1000
trout,29.71155357,1000
trout,33.38776779,100
trout,33.95362854,100
trout,33.56285858,100
trout,36.37621689,10
trout,36.58856583,10
trout,37.063797,10
trout,36.84450531,5
trout,Undetermined,5
trout,36.0641098,5
trout,19.08703041,1000000
trout,18.83113098,1000000
trout,18.68217278,1000000
trout,22.49082375,100000
trout,22.30729294,100000
trout,22.44661522,100000
trout,25.72909546,10000
trout,25.56933022,10000
trout,25.29932213,10000
trout,29.60261345,1000
trout,29.13381767,1000
trout,29.23692894,1000
trout,Undetermined,100
trout,Undetermined,100
trout,Undetermined,100
trout,33.16292953,10
trout,33.77819824,10
trout,33.17696381,10
trout,Undetermined,5
trout,37.68504333,5
trout,38.594841,5
coho,20.11946106,1000000
coho,19.89956856,1000000
coho,19.86775208,1000000
coho,23.4519062,100000
coho,23.39814949,100000
coho,23.45741272,100000
coho,26.85298347,10000
coho,26.84838867,10000
coho,26.84840584,10000
coho,30.46570587,1000
coho,30.25111389,1000
coho,30.32633972,1000
coho,33.439991,100
coho,33.78739929,100
coho,33.70928192,100
coho,36.10157394,10
coho,37.56998444,10
coho,36.47587204,10
coho,39.46127319,5
coho,39.7484169,5
coho,37.7278595,5
coho,37.68106461,5
coho,39.5590744,5
coho,37.04766464,5
coho,35.27617264,10
coho,36.76859283,10
coho,37.15490723,10
coho,33.44543076,100
coho,33.87404251,100
coho,33.85395813,100
coho,30.11941719,1000
coho,30.05994987,1000
coho,30.2531147,1000
coho,26.91122055,10000
coho,26.91162491,10000
coho,26.96098709,10000
coho,23.39780807,100000
coho,23.49220657,100000
coho,23.57251358,100000
coho,20.00548553,1000000
coho,20.07403946,1000000
coho,20.14254761,1000000
coho,20.32166672,1000000
coho,20.01734543,1000000
coho,20.03777122,1000000
coho,23.57274818,100000
coho,23.54842567,100000
coho,23.64461899,100000
coho,26.97574425,10000
coho,26.99921989,10000
coho,26.8846283,10000
coho,30.42244339,1000
coho,30.42430115,1000
coho,30.36941147,1000
coho,33.89126587,100
coho,34.11049652,100
coho,33.64352036,100
coho,36.82342911,10
coho,36.4349823,10
coho,36.09345245,10
coho,38.18310165,5
coho,37.71928787,5
coho,37.90337753,5
trout,15.74134064,10000000
trout,15.21462345,10000000
trout,15.19094753,10000000
trout,22.16695786,100000
trout,22.07132721,100000
trout,21.99603271,100000
trout,25.34846878,10000
trout,25.15842056,10000
trout,25.10066795,10000
trout,29.5027523,1000
trout,28.97767258,1000
trout,29.32143021,1000
trout,32.24557877,100
trout,32.24064636,100
trout,32.16536713,100
trout,36.43708038,10
trout,36.69681168,10
trout,35.86145782,10
trout,35.9733696,5
trout,37.37808228,5
trout,35.48667526,5
trout,18.97608185,1000000
trout,18.66666985,1000000
trout,18.56575966,1000000
trout,22.05482864,100000
trout,21.85440826,100000
trout,21.90907288,100000
trout,25.05405617,10000
trout,25.12293053,10000
trout,25.13602829,10000
trout,29.39567184,1000
trout,28.72363663,1000
trout,29.34436798,1000
trout,32.55377579,100
trout,32.64506149,100
trout,32.12738037,100
trout,32.33209229,10
trout,32.05353928,10
trout,32.06105042,10
trout,38.94844055,5
trout,36.52707291,5
trout,38.85807419,5
trout,18.82975388,1000000
trout,18.54785728,1000000
trout,18.39530563,1000000
trout,21.8133564,100000
trout,21.81257057,100000
trout,21.82902908,100000
trout,25.37976074,10000
trout,25.31182671,10000
trout,25.2218914,10000
trout,29.29245758,1000
trout,28.96692657,1000
trout,29.49741745,1000
trout,32.40496445,100
trout,32.26633072,100
trout,32.21264267,100
trout,36.30194473,10
trout,36.38276291,10
trout,35.13809967,10
trout,37.70245361,5
trout,37.17183685,5
trout,37.91061783,5
coho,19.97507858,1000000
coho,19.79072952,1000000
coho,19.75345993,1000000
coho,23.15469742,100000
coho,23.13241386,100000
coho,23.0876255,100000
coho,26.49011612,10000
coho,26.68936348,10000
coho,26.54733467,10000
coho,29.9876976,1000
coho,29.93787193,1000
coho,30.03822708,1000
coho,33.21289063,100
coho,33.60790253,100
coho,33.23879242,100
coho,36.17981339,10
coho,37.6323204,10
coho,37.83953094,10
coho,37.69857407,5
coho,36.59168625,5
coho,Undetermined,5
trout,18.91213608,1000000
trout,18.57161903,1000000
trout,18.5220356,1000000
trout,21.98416138,100000
trout,22.03412247,100000
trout,21.93107224,100000
trout,25.4756546,10000
trout,25.40613174,10000
trout,25.24225998,10000
trout,29.03605461,1000
trout,28.91509438,1000
trout,28.82458878,1000
trout,32.74040604,100
trout,32.17884445,100
trout,32.15884399,100
trout,34.9504776,10
trout,35.73287201,10
trout,35.71131897,10
trout,36.52928543,5
trout,36.03873062,5
trout,37.0138092,5
coho,20.20547104,1000000
coho,20.02944756,1000000
coho,19.99715805,1000000
coho,23.30708694,100000
coho,23.51426888,100000
coho,23.68794823,100000
coho,27.34592819,10000
coho,27.66743469,10000
coho,27.58760071,10000
coho,30.8977356,1000
coho,31.10754204,1000
coho,30.86190224,1000
coho,33.65512466,100
coho,33.89514542,100
coho,33.9219017,100
coho,39.08234024,10
coho,36.50677872,10
coho,37.9160614,10
coho,Undetermined,5
coho,38.30046844,5
coho,37.98200226,5
coho,20.23365974,1000000
coho,20.03593636,1000000
coho,20.0337429,1000000
coho,23.48343658,100000
coho,23.52530479,100000
coho,23.5172348,100000
coho,27.6049099,10000
coho,27.69234085,10000
coho,27.64884186,10000
coho,31.58632851,1000
coho,31.43627357,1000
coho,31.39002609,1000
coho,34.69443512,100
coho,34.63233185,100
coho,34.00045395,100
coho,39.66719055,10
coho,38.29687119,10
coho,39.53483582,10
coho,Undetermined,5
coho,39.8595314,5
coho,38.76108551,5
trout,18.62280655,1000000
trout,18.70219612,1000000
trout,19.03579712,1000000
trout,22.21163788,100000
trout,22.18350601,100000
trout,22.15486183,100000
trout,25.30824471,10000
trout,25.28025627,10000
trout,25.38591194,10000
trout,29.24437237,1000
trout,29.33850403,1000
trout,29.33736916,1000
trout,32.03341675,100
trout,32.41627121,100
trout,32.38579178,100
trout,35.83089447,10
trout,37.86478043,10
trout,35.27108002,10
trout,38.64078903,5
trout,37.9974556,5
trout,Undetermined,5
trout,18.60285912,1000000
trout,18.82930756,1000000
trout,18.84130859,1000000
trout,22.19917946,100000
trout,22.2536087,100000
trout,22.17659264,100000
trout,25.22095261,10000
trout,25.28514481,10000
trout,25.27873459,10000
trout,29.39137764,1000
trout,29.33471756,1000
trout,29.33903656,1000
trout,32.19241333,100
trout,32.43100357,100
trout,32.07732391,100
trout,35.86235473,10
trout,35.90410233,10
trout,36.40016937,10
trout,37.6101799,5
trout,37.96615601,5
trout,Undetermined,5
coho,20.20122147,1000000
coho,20.0831337,1000000
coho,20.11374664,1000000
coho,23.43233681,100000
coho,23.44734955,100000
coho,23.42689323,100000
coho,26.81386185,10000
coho,26.85473442,10000
coho,26.84284401,10000
coho,30.31963348,1000
coho,30.18285179,1000
coho,30.28491402,1000
coho,33.54801559,100
coho,33.47533798,100
coho,33.48116302,100
coho,39.11485291,10
coho,36.98117828,10
coho,36.61302185,10
coho,Undetermined,5
coho,38.03738785,5
coho,Undetermined,5
coho,20.2696476,1000000
coho,20.03516006,1000000
coho,20.0645256,1000000
coho,23.41164398,100000
coho,23.4603405,100000
coho,23.53767586,100000
coho,26.7140789,10000
coho,26.96575928,10000
coho,27.02377892,10000
coho,30.26987457,1000
coho,30.33255005,1000
coho,30.45448303,1000
coho,33.68772888,100
coho,33.37880325,100
coho,33.67495346,100
coho,37.85569763,10
coho,36.4135704,10
coho,37.28239059,10
coho,38.25710678,5
coho,38.11814117,5
coho,Undetermined,5
trout,19.03916931,1000000
trout,18.79224014,1000000
trout,18.75345039,1000000
trout,22.23781967,100000
trout,22.21455765,100000
trout,22.20060349,100000
trout,25.38515282,10000
trout,25.20108986,10000
trout,25.09934044,10000
trout,29.14026642,1000
trout,29.00141525,1000
trout,29.31155205,1000
trout,33.30599594,100
trout,33.12694931,100
trout,32.76087189,100
trout,35.71673965,10
trout,36.73257065,10
trout,35.7440033,10
trout,37.78015518,5
trout,35.78540039,5
trout,Undetermined,5
trout,19.09902573,1000000
trout,18.79052162,1000000
trout,18.88189507,1000000
trout,22.30224228,100000
trout,22.20896721,100000
trout,22.2600174,100000
trout,25.57192039,10000
trout,25.63189507,10000
trout,25.68826866,10000
trout,28.99738693,1000
trout,29.04295731,1000
trout,29.21246147,1000
trout,33.57666016,100
trout,32.89142609,100
trout,33.40254593,100
trout,36.58686447,10
trout,37.62418747,10
trout,36.61893082,10
trout,37.19187546,5
trout,36.48999023,5
trout,37.86462402,5